Calendar_Date,ID,Track_Direction,Line,Branch,Track_Name,Location_Description,Loc_GTFS_Stop_ID,Location_Type,Direction_Sort,Restriction_Status,Date_Restriction_Reported,Date_Restriction_Cleared,Restriction_Speed_MPH,Restriction_Reason,Restriction_Distance_Feet,Restriction_Distance_Miles,Line_Restricted_Track_Pct,Line_Total_Track_Miles,Systemwide_Restricted_Track_Pct,Systemwide_Total_Track_Miles,SR_Restriction_Distance_Span,Restriction_Path,Restriction_Days_Active_On_Calendar_Day,Restriction_Days_to_Clear,Daily_Restriction_Count_Start,Month_Restriction_Count_Start,Restriction_Count_New,Restriction_Count_Cleared,Month_Restriction_Count_End,Daily_Restriction_Count_End
2024-11-04,000149G,EB,Green Line,Green Line - B,GL Kenmore-Boston Col. EB,EB South St to Chestnut Hill Ave,place-sougr | place-chill,Between Stations,GBEB-04,Active Restriction,2024-10-09,,3 mph,Track,183.00000000000125,0.034659090909091146,6.41953897186352e-4,53.99,2.540616545161351e-4,136.42,Multi-Segment,Start,26,,1,0,0,0,0,1
2024-11-03,000149G,EB,Green Line,Green Line - B,GL Kenmore-Boston Col. EB,EB South St to Chestnut Hill Ave,place-sougr | place-chill,Between Stations,GBEB-04,Active Restriction,2024-10-09,,3 mph,Track,183.00000000000125,0.034659090909091146,6.41953897186352e-4,53.99,2.540616545161351e-4,136.42,Multi-Segment,Start,25,,1,0,0,0,0,1
2024-11-02,000149G,EB,Green Line,Green Line - B,GL Kenmore-Boston Col. EB,EB South St to Chestnut Hill Ave,place-sougr | place-chill,Between Stations,GBEB-04,Active Restriction,2024-10-09,,3 mph,Track,183.00000000000125,0.034659090909091146,6.41953897186352e-4,53.99,2.540616545161351e-4,136.42,Multi-Segment,Start,24,,1,0,0,0,0,1
2024-11-01,000149G,EB,Green Line,Green Line - B,GL Kenmore-Boston Col. EB,EB South St to Chestnut Hill Ave,place-sougr | place-chill,Between Stations,GBEB-04,Active Restriction,2024-10-09,,3 mph,Track,183.00000000000125,0.034659090909091146,6.41953897186352e-4,53.99,2.540616545161351e-4,136.42,Multi-Segment,Start,23,,1,1,0,0,0,1
2024-11-30,524220,WB,Green Line,Green Line Trunk,GL Kenmore-College Ave WB,WB North Sta. to Haymarket,place-north | place-haecl,Between Stations,GAWB-16,Active Restriction,2023-03-10,,6 mph,Track,598.9999999999995,0.11344696969696962,0.0021012589312274423,53.99,8.31600716148436e-4,136.42,Multi-Segment,Start,631,,1,0,0,0,1,1
2024-11-29,524220,WB,Green Line,Green Line Trunk,GL Kenmore-College Ave WB,WB North Sta. to Haymarket,place-north | place-haecl,Between Stations,GAWB-16,Active Restriction,2023-03-10,,6 mph,Track,598.9999999999995,0.11344696969696962,0.0021012589312274423,53.99,8.31600716148436e-4,136.42,Multi-Segment,Start,630,,1,0,0,0,0,1
2024-11-28,524220,WB,Green Line,Green Line Trunk,GL Kenmore-College Ave WB,WB North Sta. to Haymarket,place-north | place-haecl,Between Stations,GAWB-16,Active Restriction,2023-03-10,,6 mph,Track,598.9999999999995,0.11344696969696962,0.0021012589312274423,53.99,8.31600716148436e-4,136.42,Multi-Segment,Start,629,,1,0,0,0,0,1
2024-11-27,524220,WB,Green Line,Green Line Trunk,GL Kenmore-College Ave WB,WB North Sta. to Haymarket,place-north | place-haecl,Between Stations,GAWB-16,Active Restriction,2023-03-10,,6 mph,Track,598.9999999999995,0.11344696969696962,0.0021012589312274423,53.99,8.31600716148436e-4,136.42,Multi-Segment,Start,628,,1,0,0,0,0,1
2024-11-26,524220,WB,Green Line,Green Line Trunk,GL Kenmore-College Ave WB,WB North Sta. to Haymarket,place-north | place-haecl,Between Stations,GAWB-16,Active Restriction,2023-03-10,,6 mph,Track,598.9999999999995,0.11344696969696962,0.0021012589312274423,53.99,8.31600716148436e-4,136.42,Multi-Segment,Start,627,,1,0,0,0,0,1
2024-11-25,524220,WB,Green Line,Green Line Trunk,GL Kenmore-College Ave WB,WB North Sta. to Haymarket,place-north | place-haecl,Between Stations,GAWB-16,Active Restriction,2023-03-10,,6 mph,Track,598.9999999999995,0.11344696969696962,0.0021012589312274423,53.99,8.31600716148436e-4,136.42,Multi-Segment,Start,626,,1,0,0,0,0,1
2024-11-24,524220,WB,Green Line,Green Line Trunk,GL Kenmore-College Ave WB,WB North Sta. to Haymarket,place-north | place-haecl,Between Stations,GAWB-16,Active Restriction,2023-03-10,,6 mph,Track,598.9999999999995,0.11344696969696962,0.0021012589312274423,53.99,8.31600716148436e-4,136.42,Multi-Segment,Start,625,,1,0,0,0,0,1
2024-11-23,524220,WB,Green Line,Green Line Trunk,GL Kenmore-College Ave WB,WB North Sta. to Haymarket,place-north | place-haecl,Between Stations,GAWB-16,Active Restriction,2023-03-10,,6 mph,Track,598.9999999999995,0.11344696969696962,0.0021012589312274423,53.99,8.31600716148436e-4,136.42,Multi-Segment,Start,624,,1,0,0,0,0,1
2024-11-22,524220,WB,Green Line,Green Line Trunk,GL Kenmore-College Ave WB,WB North Sta. to Haymarket,place-north | place-haecl,Between Stations,GAWB-16,Active Restriction,2023-03-10,,6 mph,Track,598.9999999999995,0.11344696969696962,0.0021012589312274423,53.99,8.31600716148436e-4,136.42,Multi-Segment,Start,623,,1,0,0,0,0,1
2024-11-21,524220,WB,Green Line,Green Line Trunk,GL Kenmore-College Ave WB,WB North Sta. to Haymarket,place-north | place-haecl,Between Stations,GAWB-16,Active Restriction,2023-03-10,,6 mph,Track,598.9999999999995,0.11344696969696962,0.0021012589312274423,53.99,8.31600716148436e-4,136.42,Multi-Segment,Start,622,,1,0,0,0,0,1
2024-11-20,524220,WB,Green Line,Green Line Trunk,GL Kenmore-College Ave WB,WB North Sta. to Haymarket,place-north | place-haecl,Between Stations,GAWB-16,Active Restriction,2023-03-10,,6 mph,Track,598.9999999999995,0.11344696969696962,0.0021012589312274423,53.99,8.31600716148436e-4,136.42,Multi-Segment,Start,621,,1,0,0,0,0,1
2024-11-19,524220,WB,Green Line,Green Line Trunk,GL Kenmore-College Ave WB,WB North Sta. to Haymarket,place-north | place-haecl,Between Stations,GAWB-16,Active Restriction,2023-03-10,,6 mph,Track,598.9999999999995,0.11344696969696962,0.0021012589312274423,53.99,8.31600716148436e-4,136.42,Multi-Segment,Start,620,,1,0,0,0,0,1
2024-11-18,524220,WB,Green Line,Green Line Trunk,GL Kenmore-College Ave WB,WB North Sta. to Haymarket,place-north | place-haecl,Between Stations,GAWB-16,Active Restriction,2023-03-10,,6 mph,Track,598.9999999999995,0.11344696969696962,0.0021012589312274423,53.99,8.31600716148436e-4,136.42,Multi-Segment,Start,619,,1,0,0,0,0,1
2024-11-17,524220,WB,Green Line,Green Line Trunk,GL Kenmore-College Ave WB,WB North Sta. to Haymarket,place-north | place-haecl,Between Stations,GAWB-16,Active Restriction,2023-03-10,,6 mph,Track,598.9999999999995,0.11344696969696962,0.0021012589312274423,53.99,8.31600716148436e-4,136.42,Multi-Segment,Start,618,,1,0,0,0,0,1
2024-11-16,524220,WB,Green Line,Green Line Trunk,GL Kenmore-College Ave WB,WB North Sta. to Haymarket,place-north | place-haecl,Between Stations,GAWB-16,Active Restriction,2023-03-10,,6 mph,Track,598.9999999999995,0.11344696969696962,0.0021012589312274423,53.99,8.31600716148436e-4,136.42,Multi-Segment,Start,617,,1,0,0,0,0,1
2024-11-15,524220,WB,Green Line,Green Line Trunk,GL Kenmore-College Ave WB,WB North Sta. to Haymarket,place-north | place-haecl,Between Stations,GAWB-16,Active Restriction,2023-03-10,,6 mph,Track,598.9999999999995,0.11344696969696962,0.0021012589312274423,53.99,8.31600716148436e-4,136.42,Multi-Segment,Start,616,,1,0,0,0,0,1
2024-11-14,524220,WB,Green Line,Green Line Trunk,GL Kenmore-College Ave WB,WB North Sta. to Haymarket,place-north | place-haecl,Between Stations,GAWB-16,Active Restriction,2023-03-10,,6 mph,Track,598.9999999999995,0.11344696969696962,0.0021012589312274423,53.99,8.31600716148436e-4,136.42,Multi-Segment,Start,615,,1,0,0,0,0,1
2024-11-13,524220,WB,Green Line,Green Line Trunk,GL Kenmore-College Ave WB,WB North Sta. to Haymarket,place-north | place-haecl,Between Stations,GAWB-16,Active Restriction,2023-03-10,,6 mph,Track,598.9999999999995,0.11344696969696962,0.0021012589312274423,53.99,8.31600716148436e-4,136.42,Multi-Segment,Start,614,,1,0,0,0,0,1
2024-11-12,524220,WB,Green Line,Green Line Trunk,GL Kenmore-College Ave WB,WB North Sta. to Haymarket,place-north | place-haecl,Between Stations,GAWB-16,Active Restriction,2023-03-10,,6 mph,Track,598.9999999999995,0.11344696969696962,0.0021012589312274423,53.99,8.31600716148436e-4,136.42,Multi-Segment,Start,613,,1,0,0,0,0,1
2024-11-11,524220,WB,Green Line,Green Line Trunk,GL Kenmore-College Ave WB,WB North Sta. to Haymarket,place-north | place-haecl,Between Stations,GAWB-16,Active Restriction,2023-03-10,,6 mph,Track,598.9999999999995,0.11344696969696962,0.0021012589312274423,53.99,8.31600716148436e-4,136.42,Multi-Segment,Start,612,,1,0,0,0,0,1
2024-11-10,524220,WB,Green Line,Green Line Trunk,GL Kenmore-College Ave WB,WB North Sta. to Haymarket,place-north | place-haecl,Between Stations,GAWB-16,Active Restriction,2023-03-10,,6 mph,Track,598.9999999999995,0.11344696969696962,0.0021012589312274423,53.99,8.31600716148436e-4,136.42,Multi-Segment,Start,611,,1,0,0,0,0,1
2024-11-09,524220,WB,Green Line,Green Line Trunk,GL Kenmore-College Ave WB,WB North Sta. to Haymarket,place-north | place-haecl,Between Stations,GAWB-16,Active Restriction,2023-03-10,,6 mph,Track,598.9999999999995,0.11344696969696962,0.0021012589312274423,53.99,8.31600716148436e-4,136.42,Multi-Segment,Start,610,,1,0,0,0,0,1
2024-11-08,524220,WB,Green Line,Green Line Trunk,GL Kenmore-College Ave WB,WB North Sta. to Haymarket,place-north | place-haecl,Between Stations,GAWB-16,Active Restriction,2023-03-10,,6 mph,Track,598.9999999999995,0.11344696969696962,0.0021012589312274423,53.99,8.31600716148436e-4,136.42,Multi-Segment,Start,609,,1,0,0,0,0,1
2024-11-07,524220,WB,Green Line,Green Line Trunk,GL Kenmore-College Ave WB,WB North Sta. to Haymarket,place-north | place-haecl,Between Stations,GAWB-16,Active Restriction,2023-03-10,,6 mph,Track,598.9999999999995,0.11344696969696962,0.0021012589312274423,53.99,8.31600716148436e-4,136.42,Multi-Segment,Start,608,,1,0,0,0,0,1
2024-11-06,524220,WB,Green Line,Green Line Trunk,GL Kenmore-College Ave WB,WB North Sta. to Haymarket,place-north | place-haecl,Between Stations,GAWB-16,Active Restriction,2023-03-10,,6 mph,Track,598.9999999999995,0.11344696969696962,0.0021012589312274423,53.99,8.31600716148436e-4,136.42,Multi-Segment,Start,607,,1,0,0,0,0,1
2024-11-05,524220,WB,Green Line,Green Line Trunk,GL Kenmore-College Ave WB,WB North Sta. to Haymarket,place-north | place-haecl,Between Stations,GAWB-16,Active Restriction,2023-03-10,,6 mph,Track,598.9999999999995,0.11344696969696962,0.0021012589312274423,53.99,8.31600716148436e-4,136.42,Multi-Segment,Start,606,,1,0,0,0,0,1
2024-11-04,524220,WB,Green Line,Green Line Trunk,GL Kenmore-College Ave WB,WB North Sta. to Haymarket,place-north | place-haecl,Between Stations,GAWB-16,Active Restriction,2023-03-10,,6 mph,Track,598.9999999999995,0.11344696969696962,0.0021012589312274423,53.99,8.31600716148436e-4,136.42,Multi-Segment,Start,605,,1,0,0,0,0,1
2024-11-04,000149G,EB,Green Line,Green Line - B,GL Kenmore-Boston Col. EB,EB Chestnut Hill Ave Station,place-chill,Station,GBEB-05,Active Restriction,2024-10-09,,3 mph,Track,236.9999999999976,0.04488636363636318,8.313829160282122e-4,53.99,3.290306673241694e-4,136.42,Multi-Segment,End,26,,0,0,0,0,0,0
2024-11-03,000149G,EB,Green Line,Green Line - B,GL Kenmore-Boston Col. EB,EB Chestnut Hill Ave Station,place-chill,Station,GBEB-05,Active Restriction,2024-10-09,,3 mph,Track,236.9999999999976,0.04488636363636318,8.313829160282122e-4,53.99,3.290306673241694e-4,136.42,Multi-Segment,End,25,,0,0,0,0,0,0
2024-11-02,000149G,EB,Green Line,Green Line - B,GL Kenmore-Boston Col. EB,EB Chestnut Hill Ave Station,place-chill,Station,GBEB-05,Active Restriction,2024-10-09,,3 mph,Track,236.9999999999976,0.04488636363636318,8.313829160282122e-4,53.99,3.290306673241694e-4,136.42,Multi-Segment,End,24,,0,0,0,0,0,0
2024-11-01,000149G,EB,Green Line,Green Line - B,GL Kenmore-Boston Col. EB,EB Chestnut Hill Ave Station,place-chill,Station,GBEB-05,Active Restriction,2024-10-09,,3 mph,Track,236.9999999999976,0.04488636363636318,8.313829160282122e-4,53.99,3.290306673241694e-4,136.42,Multi-Segment,End,23,,0,0,0,0,0,0
2024-11-30,524220,WB,Green Line,Green Line Trunk,GL Kenmore-College Ave WB,WB Haymarket Station,place-haecl,Station,GAWB-17,Active Restriction,2023-03-10,,6 mph,Track,301.00000000000045,0.05700757575757585,0.0010558913828037756,53.99,4.1788283065222e-4,136.42,Multi-Segment,End,631,,0,0,0,0,0,0
2024-11-29,524220,WB,Green Line,Green Line Trunk,GL Kenmore-College Ave WB,WB Haymarket Station,place-haecl,Station,GAWB-17,Active Restriction,2023-03-10,,6 mph,Track,301.00000000000045,0.05700757575757585,0.0010558913828037756,53.99,4.1788283065222e-4,136.42,Multi-Segment,End,630,,0,0,0,0,0,0
2024-11-28,524220,WB,Green Line,Green Line Trunk,GL Kenmore-College Ave WB,WB Haymarket Station,place-haecl,Station,GAWB-17,Active Restriction,2023-03-10,,6 mph,Track,301.00000000000045,0.05700757575757585,0.0010558913828037756,53.99,4.1788283065222e-4,136.42,Multi-Segment,End,629,,0,0,0,0,0,0
2024-11-27,524220,WB,Green Line,Green Line Trunk,GL Kenmore-College Ave WB,WB Haymarket Station,place-haecl,Station,GAWB-17,Active Restriction,2023-03-10,,6 mph,Track,301.00000000000045,0.05700757575757585,0.0010558913828037756,53.99,4.1788283065222e-4,136.42,Multi-Segment,End,628,,0,0,0,0,0,0
2024-11-26,524220,WB,Green Line,Green Line Trunk,GL Kenmore-College Ave WB,WB Haymarket Station,place-haecl,Station,GAWB-17,Active Restriction,2023-03-10,,6 mph,Track,301.00000000000045,0.05700757575757585,0.0010558913828037756,53.99,4.1788283065222e-4,136.42,Multi-Segment,End,627,,0,0,0,0,0,0
2024-11-25,524220,WB,Green Line,Green Line Trunk,GL Kenmore-College Ave WB,WB Haymarket Station,place-haecl,Station,GAWB-17,Active Restriction,2023-03-10,,6 mph,Track,301.00000000000045,0.05700757575757585,0.0010558913828037756,53.99,4.1788283065222e-4,136.42,Multi-Segment,End,626,,0,0,0,0,0,0
2024-11-24,524220,WB,Green Line,Green Line Trunk,GL Kenmore-College Ave WB,WB Haymarket Station,place-haecl,Station,GAWB-17,Active Restriction,2023-03-10,,6 mph,Track,301.00000000000045,0.05700757575757585,0.0010558913828037756,53.99,4.1788283065222e-4,136.42,Multi-Segment,End,625,,0,0,0,0,0,0
2024-11-23,524220,WB,Green Line,Green Line Trunk,GL Kenmore-College Ave WB,WB Haymarket Station,place-haecl,Station,GAWB-17,Active Restriction,2023-03-10,,6 mph,Track,301.00000000000045,0.05700757575757585,0.0010558913828037756,53.99,4.1788283065222e-4,136.42,Multi-Segment,End,624,,0,0,0,0,0,0
2024-11-22,524220,WB,Green Line,Green Line Trunk,GL Kenmore-College Ave WB,WB Haymarket Station,place-haecl,Station,GAWB-17,Active Restriction,2023-03-10,,6 mph,Track,301.00000000000045,0.05700757575757585,0.0010558913828037756,53.99,4.1788283065222e-4,136.42,Multi-Segment,End,623,,0,0,0,0,0,0
2024-11-21,524220,WB,Green Line,Green Line Trunk,GL Kenmore-College Ave WB,WB Haymarket Station,place-haecl,Station,GAWB-17,Active Restriction,2023-03-10,,6 mph,Track,301.00000000000045,0.05700757575757585,0.0010558913828037756,53.99,4.1788283065222e-4,136.42,Multi-Segment,End,622,,0,0,0,0,0,0
2024-11-20,524220,WB,Green Line,Green Line Trunk,GL Kenmore-College Ave WB,WB Haymarket Station,place-haecl,Station,GAWB-17,Active Restriction,2023-03-10,,6 mph,Track,301.00000000000045,0.05700757575757585,0.0010558913828037756,53.99,4.1788283065222e-4,136.42,Multi-Segment,End,621,,0,0,0,0,0,0
2024-11-19,524220,WB,Green Line,Green Line Trunk,GL Kenmore-College Ave WB,WB Haymarket Station,place-haecl,Station,GAWB-17,Active Restriction,2023-03-10,,6 mph,Track,301.00000000000045,0.05700757575757585,0.0010558913828037756,53.99,4.1788283065222e-4,136.42,Multi-Segment,End,620,,0,0,0,0,0,0
2024-11-18,524220,WB,Green Line,Green Line Trunk,GL Kenmore-College Ave WB,WB Haymarket Station,place-haecl,Station,GAWB-17,Active Restriction,2023-03-10,,6 mph,Track,301.00000000000045,0.05700757575757585,0.0010558913828037756,53.99,4.1788283065222e-4,136.42,Multi-Segment,End,619,,0,0,0,0,0,0
2024-11-17,524220,WB,Green Line,Green Line Trunk,GL Kenmore-College Ave WB,WB Haymarket Station,place-haecl,Station,GAWB-17,Active Restriction,2023-03-10,,6 mph,Track,301.00000000000045,0.05700757575757585,0.0010558913828037756,53.99,4.1788283065222e-4,136.42,Multi-Segment,End,618,,0,0,0,0,0,0
2024-11-16,524220,WB,Green Line,Green Line Trunk,GL Kenmore-College Ave WB,WB Haymarket Station,place-haecl,Station,GAWB-17,Active Restriction,2023-03-10,,6 mph,Track,301.00000000000045,0.05700757575757585,0.0010558913828037756,53.99,4.1788283065222e-4,136.42,Multi-Segment,End,617,,0,0,0,0,0,0
2024-11-15,524220,WB,Green Line,Green Line Trunk,GL Kenmore-College Ave WB,WB Haymarket Station,place-haecl,Station,GAWB-17,Active Restriction,2023-03-10,,6 mph,Track,301.00000000000045,0.05700757575757585,0.0010558913828037756,53.99,4.1788283065222e-4,136.42,Multi-Segment,End,616,,0,0,0,0,0,0
2024-11-14,524220,WB,Green Line,Green Line Trunk,GL Kenmore-College Ave WB,WB Haymarket Station,place-haecl,Station,GAWB-17,Active Restriction,2023-03-10,,6 mph,Track,301.00000000000045,0.05700757575757585,0.0010558913828037756,53.99,4.1788283065222e-4,136.42,Multi-Segment,End,615,,0,0,0,0,0,0
2024-11-13,524220,WB,Green Line,Green Line Trunk,GL Kenmore-College Ave WB,WB Haymarket Station,place-haecl,Station,GAWB-17,Active Restriction,2023-03-10,,6 mph,Track,301.00000000000045,0.05700757575757585,0.0010558913828037756,53.99,4.1788283065222e-4,136.42,Multi-Segment,End,614,,0,0,0,0,0,0
2024-11-12,524220,WB,Green Line,Green Line Trunk,GL Kenmore-College Ave WB,WB Haymarket Station,place-haecl,Station,GAWB-17,Active Restriction,2023-03-10,,6 mph,Track,301.00000000000045,0.05700757575757585,0.0010558913828037756,53.99,4.1788283065222e-4,136.42,Multi-Segment,End,613,,0,0,0,0,0,0
2024-11-11,524220,WB,Green Line,Green Line Trunk,GL Kenmore-College Ave WB,WB Haymarket Station,place-haecl,Station,GAWB-17,Active Restriction,2023-03-10,,6 mph,Track,301.00000000000045,0.05700757575757585,0.0010558913828037756,53.99,4.1788283065222e-4,136.42,Multi-Segment,End,612,,0,0,0,0,0,0
2024-11-10,524220,WB,Green Line,Green Line Trunk,GL Kenmore-College Ave WB,WB Haymarket Station,place-haecl,Station,GAWB-17,Active Restriction,2023-03-10,,6 mph,Track,301.00000000000045,0.05700757575757585,0.0010558913828037756,53.99,4.1788283065222e-4,136.42,Multi-Segment,End,611,,0,0,0,0,0,0
2024-11-09,524220,WB,Green Line,Green Line Trunk,GL Kenmore-College Ave WB,WB Haymarket Station,place-haecl,Station,GAWB-17,Active Restriction,2023-03-10,,6 mph,Track,301.00000000000045,0.05700757575757585,0.0010558913828037756,53.99,4.1788283065222e-4,136.42,Multi-Segment,End,610,,0,0,0,0,0,0
2024-11-08,524220,WB,Green Line,Green Line Trunk,GL Kenmore-College Ave WB,WB Haymarket Station,place-haecl,Station,GAWB-17,Active Restriction,2023-03-10,,6 mph,Track,301.00000000000045,0.05700757575757585,0.0010558913828037756,53.99,4.1788283065222e-4,136.42,Multi-Segment,End,609,,0,0,0,0,0,0
2024-11-07,524220,WB,Green Line,Green Line Trunk,GL Kenmore-College Ave WB,WB Haymarket Station,place-haecl,Station,GAWB-17,Active Restriction,2023-03-10,,6 mph,Track,301.00000000000045,0.05700757575757585,0.0010558913828037756,53.99,4.1788283065222e-4,136.42,Multi-Segment,End,608,,0,0,0,0,0,0
2024-11-06,524220,WB,Green Line,Green Line Trunk,GL Kenmore-College Ave WB,WB Haymarket Station,place-haecl,Station,GAWB-17,Active Restriction,2023-03-10,,6 mph,Track,301.00000000000045,0.05700757575757585,0.0010558913828037756,53.99,4.1788283065222e-4,136.42,Multi-Segment,End,607,,0,0,0,0,0,0
2024-11-05,524220,WB,Green Line,Green Line Trunk,GL Kenmore-College Ave WB,WB Haymarket Station,place-haecl,Station,GAWB-17,Active Restriction,2023-03-10,,6 mph,Track,301.00000000000045,0.05700757575757585,0.0010558913828037756,53.99,4.1788283065222e-4,136.42,Multi-Segment,End,606,,0,0,0,0,0,0
2024-11-04,524220,WB,Green Line,Green Line Trunk,GL Kenmore-College Ave WB,WB Haymarket Station,place-haecl,Station,GAWB-17,Active Restriction,2023-03-10,,6 mph,Track,301.00000000000045,0.05700757575757585,0.0010558913828037756,53.99,4.1788283065222e-4,136.42,Multi-Segment,End,605,,0,0,0,0,0,0
2024-11-03,524220,WB,Green Line,Green Line Trunk,GL Kenmore-College Ave WB,WB Haymarket Station,place-haecl,Station,GAWB-17,Active Restriction,2023-03-10,,6 mph,Track,301.00000000000045,0.05700757575757585,0.0010558913828037756,53.99,4.1788283065222e-4,136.42,Multi-Segment,End,604,,0,0,0,0,0,0
2024-11-05,000149G,EB,Green Line,Green Line - B,GL Kenmore-Boston Col. EB,EB South St to Chestnut Hill Ave,place-sougr | place-chill,Between Stations,GBEB-04,Restriction Cleared,2024-10-09,2024-11-05,3 mph,Track,183.00000000000125,0.034659090909091146,6.41953897186352e-4,53.99,2.540616545161351e-4,136.42,Multi-Segment,Start,27,27,1,0,0,-1,0,0
2024-11-10,508520,NB,Red Line,Red Line - Braintree,RL Alewife-Braintree NB,NB JFK to Andrew,place-jfk | place-andrw,Between Stations,RBNB-12,Active Restriction,2023-01-13,,10 mph,Track,513.9999999999986,0.09734848484848459,0.0020533323106619824,47.41,7.135939367283726e-4,136.42,Multi-Segment,End,667,,0,0,0,0,0,0
2024-11-09,508520,NB,Red Line,Red Line - Braintree,RL Alewife-Braintree NB,NB JFK to Andrew,place-jfk | place-andrw,Between Stations,RBNB-12,Active Restriction,2023-01-13,,10 mph,Track,513.9999999999986,0.09734848484848459,0.0020533323106619824,47.41,7.135939367283726e-4,136.42,Multi-Segment,End,666,,0,0,0,0,0,0
2024-11-08,508520,NB,Red Line,Red Line - Braintree,RL Alewife-Braintree NB,NB JFK to Andrew,place-jfk | place-andrw,Between Stations,RBNB-12,Active Restriction,2023-01-13,,10 mph,Track,513.9999999999986,0.09734848484848459,0.0020533323106619824,47.41,7.135939367283726e-4,136.42,Multi-Segment,End,665,,0,0,0,0,0,0
2024-11-07,508520,NB,Red Line,Red Line - Braintree,RL Alewife-Braintree NB,NB JFK to Andrew,place-jfk | place-andrw,Between Stations,RBNB-12,Active Restriction,2023-01-13,,10 mph,Track,513.9999999999986,0.09734848484848459,0.0020533323106619824,47.41,7.135939367283726e-4,136.42,Multi-Segment,End,664,,0,0,0,0,0,0
2024-11-06,508520,NB,Red Line,Red Line - Braintree,RL Alewife-Braintree NB,NB JFK to Andrew,place-jfk | place-andrw,Between Stations,RBNB-12,Active Restriction,2023-01-13,,10 mph,Track,513.9999999999986,0.09734848484848459,0.0020533323106619824,47.41,7.135939367283726e-4,136.42,Multi-Segment,End,663,,0,0,0,0,0,0
2024-11-05,508520,NB,Red Line,Red Line - Braintree,RL Alewife-Braintree NB,NB JFK to Andrew,place-jfk | place-andrw,Between Stations,RBNB-12,Active Restriction,2023-01-13,,10 mph,Track,513.9999999999986,0.09734848484848459,0.0020533323106619824,47.41,7.135939367283726e-4,136.42,Multi-Segment,End,662,,0,0,0,0,0,0
2024-11-04,508520,NB,Red Line,Red Line - Braintree,RL Alewife-Braintree NB,NB JFK to Andrew,place-jfk | place-andrw,Between Stations,RBNB-12,Active Restriction,2023-01-13,,10 mph,Track,513.9999999999986,0.09734848484848459,0.0020533323106619824,47.41,7.135939367283726e-4,136.42,Multi-Segment,End,661,,0,0,0,0,0,0
2024-11-03,508520,NB,Red Line,Red Line - Braintree,RL Alewife-Braintree NB,NB JFK to Andrew,place-jfk | place-andrw,Between Stations,RBNB-12,Active Restriction,2023-01-13,,10 mph,Track,513.9999999999986,0.09734848484848459,0.0020533323106619824,47.41,7.135939367283726e-4,136.42,Multi-Segment,End,660,,0,0,0,0,0,0
2024-11-02,508520,NB,Red Line,Red Line - Braintree,RL Alewife-Braintree NB,NB JFK to Andrew,place-jfk | place-andrw,Between Stations,RBNB-12,Active Restriction,2023-01-13,,10 mph,Track,513.9999999999986,0.09734848484848459,0.0020533323106619824,47.41,7.135939367283726e-4,136.42,Multi-Segment,End,659,,0,0,0,0,0,0
2024-11-01,508520,NB,Red Line,Red Line - Braintree,RL Alewife-Braintree NB,NB JFK to Andrew,place-jfk | place-andrw,Between Stations,RBNB-12,Active Restriction,2023-01-13,,10 mph,Track,513.9999999999986,0.09734848484848459,0.0020533323106619824,47.41,7.135939367283726e-4,136.42,Multi-Segment,End,658,,0,0,0,0,0,0
2024-11-23,555806,SB,Red Line,Red Line - Braintree,RL Alewife-Braintree SB,SB Central to Kendall,place-cntsq | place-knncl,Between Stations,RBSB-10,Active Restriction,2023-07-11,,25 mph,Track,1100,0.20833333333333334,0.0043942909372143716,47.41,0.0015271465572008016,136.42,Single Segment,Start|End,501,,1,0,0,0,0,1
2024-11-22,555806,SB,Red Line,Red Line - Braintree,RL Alewife-Braintree SB,SB Central to Kendall,place-cntsq | place-knncl,Between Stations,RBSB-10,Active Restriction,2023-07-11,,25 mph,Track,1100,0.20833333333333334,0.0043942909372143716,47.41,0.0015271465572008016,136.42,Single Segment,Start|End,500,,1,0,0,0,0,1
2024-11-21,555806,SB,Red Line,Red Line - Braintree,RL Alewife-Braintree SB,SB Central to Kendall,place-cntsq | place-knncl,Between Stations,RBSB-10,Active Restriction,2023-07-11,,25 mph,Track,1100,0.20833333333333334,0.0043942909372143716,47.41,0.0015271465572008016,136.42,Single Segment,Start|End,499,,1,0,0,0,0,1
2024-11-20,555806,SB,Red Line,Red Line - Braintree,RL Alewife-Braintree SB,SB Central to Kendall,place-cntsq | place-knncl,Between Stations,RBSB-10,Active Restriction,2023-07-11,,25 mph,Track,1100,0.20833333333333334,0.0043942909372143716,47.41,0.0015271465572008016,136.42,Single Segment,Start|End,498,,1,0,0,0,0,1
2024-11-19,555806,SB,Red Line,Red Line - Braintree,RL Alewife-Braintree SB,SB Central to Kendall,place-cntsq | place-knncl,Between Stations,RBSB-10,Active Restriction,2023-07-11,,25 mph,Track,1100,0.20833333333333334,0.0043942909372143716,47.41,0.0015271465572008016,136.42,Single Segment,Start|End,497,,1,0,0,0,0,1
2024-11-18,555806,SB,Red Line,Red Line - Braintree,RL Alewife-Braintree SB,SB Central to Kendall,place-cntsq | place-knncl,Between Stations,RBSB-10,Active Restriction,2023-07-11,,25 mph,Track,1100,0.20833333333333334,0.0043942909372143716,47.41,0.0015271465572008016,136.42,Single Segment,Start|End,496,,1,0,0,0,0,1
2024-11-17,555806,SB,Red Line,Red Line - Braintree,RL Alewife-Braintree SB,SB Central to Kendall,place-cntsq | place-knncl,Between Stations,RBSB-10,Active Restriction,2023-07-11,,25 mph,Track,1100,0.20833333333333334,0.0043942909372143716,47.41,0.0015271465572008016,136.42,Single Segment,Start|End,495,,1,0,0,0,0,1
2024-11-16,555806,SB,Red Line,Red Line - Braintree,RL Alewife-Braintree SB,SB Central to Kendall,place-cntsq | place-knncl,Between Stations,RBSB-10,Active Restriction,2023-07-11,,25 mph,Track,1100,0.20833333333333334,0.0043942909372143716,47.41,0.0015271465572008016,136.42,Single Segment,Start|End,494,,1,0,0,0,0,1
2024-11-15,555806,SB,Red Line,Red Line - Braintree,RL Alewife-Braintree SB,SB Central to Kendall,place-cntsq | place-knncl,Between Stations,RBSB-10,Active Restriction,2023-07-11,,25 mph,Track,1100,0.20833333333333334,0.0043942909372143716,47.41,0.0015271465572008016,136.42,Single Segment,Start|End,493,,1,0,0,0,0,1
2024-11-14,555806,SB,Red Line,Red Line - Braintree,RL Alewife-Braintree SB,SB Central to Kendall,place-cntsq | place-knncl,Between Stations,RBSB-10,Active Restriction,2023-07-11,,25 mph,Track,1100,0.20833333333333334,0.0043942909372143716,47.41,0.0015271465572008016,136.42,Single Segment,Start|End,492,,1,0,0,0,0,1
2024-11-13,555806,SB,Red Line,Red Line - Braintree,RL Alewife-Braintree SB,SB Central to Kendall,place-cntsq | place-knncl,Between Stations,RBSB-10,Active Restriction,2023-07-11,,25 mph,Track,1100,0.20833333333333334,0.0043942909372143716,47.41,0.0015271465572008016,136.42,Single Segment,Start|End,491,,1,0,0,0,0,1
2024-11-12,555806,SB,Red Line,Red Line - Braintree,RL Alewife-Braintree SB,SB Central to Kendall,place-cntsq | place-knncl,Between Stations,RBSB-10,Active Restriction,2023-07-11,,25 mph,Track,1100,0.20833333333333334,0.0043942909372143716,47.41,0.0015271465572008016,136.42,Single Segment,Start|End,490,,1,0,0,0,0,1
2024-11-11,555806,SB,Red Line,Red Line - Braintree,RL Alewife-Braintree SB,SB Central to Kendall,place-cntsq | place-knncl,Between Stations,RBSB-10,Active Restriction,2023-07-11,,25 mph,Track,1100,0.20833333333333334,0.0043942909372143716,47.41,0.0015271465572008016,136.42,Single Segment,Start|End,489,,1,0,0,0,0,1
2024-11-10,555806,SB,Red Line,Red Line - Braintree,RL Alewife-Braintree SB,SB Central to Kendall,place-cntsq | place-knncl,Between Stations,RBSB-10,Active Restriction,2023-07-11,,25 mph,Track,1100,0.20833333333333334,0.0043942909372143716,47.41,0.0015271465572008016,136.42,Single Segment,Start|End,488,,1,0,0,0,0,1
2024-11-09,555806,SB,Red Line,Red Line - Braintree,RL Alewife-Braintree SB,SB Central to Kendall,place-cntsq | place-knncl,Between Stations,RBSB-10,Active Restriction,2023-07-11,,25 mph,Track,1100,0.20833333333333334,0.0043942909372143716,47.41,0.0015271465572008016,136.42,Single Segment,Start|End,487,,1,0,0,0,0,1
2024-11-08,555806,SB,Red Line,Red Line - Braintree,RL Alewife-Braintree SB,SB Central to Kendall,place-cntsq | place-knncl,Between Stations,RBSB-10,Active Restriction,2023-07-11,,25 mph,Track,1100,0.20833333333333334,0.0043942909372143716,47.41,0.0015271465572008016,136.42,Single Segment,Start|End,486,,1,0,0,0,0,1
2024-11-07,555806,SB,Red Line,Red Line - Braintree,RL Alewife-Braintree SB,SB Central to Kendall,place-cntsq | place-knncl,Between Stations,RBSB-10,Active Restriction,2023-07-11,,25 mph,Track,1100,0.20833333333333334,0.0043942909372143716,47.41,0.0015271465572008016,136.42,Single Segment,Start|End,485,,1,0,0,0,0,1
2024-11-06,555806,SB,Red Line,Red Line - Braintree,RL Alewife-Braintree SB,SB Central to Kendall,place-cntsq | place-knncl,Between Stations,RBSB-10,Active Restriction,2023-07-11,,25 mph,Track,1100,0.20833333333333334,0.0043942909372143716,47.41,0.0015271465572008016,136.42,Single Segment,Start|End,484,,1,0,0,0,0,1
2024-11-05,555806,SB,Red Line,Red Line - Braintree,RL Alewife-Braintree SB,SB Central to Kendall,place-cntsq | place-knncl,Between Stations,RBSB-10,Active Restriction,2023-07-11,,25 mph,Track,1100,0.20833333333333334,0.0043942909372143716,47.41,0.0015271465572008016,136.42,Single Segment,Start|End,483,,1,0,0,0,0,1
2024-11-30,000170R,NB,Red Line,Red Line - Ashmont,RL JFK-Ashmont NB,NB Savin Hill to JFK,place-shmnl | place-jfk,Between Stations,RANB-08,Active Restriction,2024-11-29,,10 mph,Track,100,0.01893939393939394,3.994809942922156e-4,47.41,1.3883150520007287e-4,136.42,Multi-Segment,End,1,,0,0,0,0,0,0
2024-11-19,516965,WB,Green Line,Green Line Trunk,GL Kenmore-College Ave WB,WB Haymarket to Govt Center,place-haecl | place-gover,Between Stations,GAWB-18,Active Restriction,2023-02-13,,5 mph,Track,600,0.11363636363636363,0.002104766876020812,53.99,8.329890312004372e-4,136.42,Single Segment,Start|End,645,,1,0,0,0,0,1
2024-11-18,516965,WB,Green Line,Green Line Trunk,GL Kenmore-College Ave WB,WB Haymarket to Govt Center,place-haecl | place-gover,Between Stations,GAWB-18,Active Restriction,2023-02-13,,5 mph,Track,600,0.11363636363636363,0.002104766876020812,53.99,8.329890312004372e-4,136.42,Single Segment,Start|End,644,,1,0,0,0,0,1
2024-11-17,516965,WB,Green Line,Green Line Trunk,GL Kenmore-College Ave WB,WB Haymarket to Govt Center,place-haecl | place-gover,Between Stations,GAWB-18,Active Restriction,2023-02-13,,5 mph,Track,600,0.11363636363636363,0.002104766876020812,53.99,8.329890312004372e-4,136.42,Single Segment,Start|End,643,,1,0,0,0,0,1
2024-11-16,516965,WB,Green Line,Green Line Trunk,GL Kenmore-College Ave WB,WB Haymarket to Govt Center,place-haecl | place-gover,Between Stations,GAWB-18,Active Restriction,2023-02-13,,5 mph,Track,600,0.11363636363636363,0.002104766876020812,53.99,8.329890312004372e-4,136.42,Single Segment,Start|End,642,,1,0,0,0,0,1
2024-11-15,516965,WB,Green Line,Green Line Trunk,GL Kenmore-College Ave WB,WB Haymarket to Govt Center,place-haecl | place-gover,Between Stations,GAWB-18,Active Restriction,2023-02-13,,5 mph,Track,600,0.11363636363636363,0.002104766876020812,53.99,8.329890312004372e-4,136.42,Single Segment,Start|End,641,,1,0,0,0,0,1
2024-11-14,516965,WB,Green Line,Green Line Trunk,GL Kenmore-College Ave WB,WB Haymarket to Govt Center,place-haecl | place-gover,Between Stations,GAWB-18,Active Restriction,2023-02-13,,5 mph,Track,600,0.11363636363636363,0.002104766876020812,53.99,8.329890312004372e-4,136.42,Single Segment,Start|End,640,,1,0,0,0,0,1
2024-11-13,516965,WB,Green Line,Green Line Trunk,GL Kenmore-College Ave WB,WB Haymarket to Govt Center,place-haecl | place-gover,Between Stations,GAWB-18,Active Restriction,2023-02-13,,5 mph,Track,600,0.11363636363636363,0.002104766876020812,53.99,8.329890312004372e-4,136.42,Single Segment,Start|End,639,,1,0,0,0,0,1
2024-11-12,516965,WB,Green Line,Green Line Trunk,GL Kenmore-College Ave WB,WB Haymarket to Govt Center,place-haecl | place-gover,Between Stations,GAWB-18,Active Restriction,2023-02-13,,5 mph,Track,600,0.11363636363636363,0.002104766876020812,53.99,8.329890312004372e-4,136.42,Single Segment,Start|End,638,,1,0,0,0,0,1
2024-11-11,516965,WB,Green Line,Green Line Trunk,GL Kenmore-College Ave WB,WB Haymarket to Govt Center,place-haecl | place-gover,Between Stations,GAWB-18,Active Restriction,2023-02-13,,5 mph,Track,600,0.11363636363636363,0.002104766876020812,53.99,8.329890312004372e-4,136.42,Single Segment,Start|End,637,,1,0,0,0,0,1
2024-11-10,516965,WB,Green Line,Green Line Trunk,GL Kenmore-College Ave WB,WB Haymarket to Govt Center,place-haecl | place-gover,Between Stations,GAWB-18,Active Restriction,2023-02-13,,5 mph,Track,600,0.11363636363636363,0.002104766876020812,53.99,8.329890312004372e-4,136.42,Single Segment,Start|End,636,,1,0,0,0,0,1
2024-11-09,516965,WB,Green Line,Green Line Trunk,GL Kenmore-College Ave WB,WB Haymarket to Govt Center,place-haecl | place-gover,Between Stations,GAWB-18,Active Restriction,2023-02-13,,5 mph,Track,600,0.11363636363636363,0.002104766876020812,53.99,8.329890312004372e-4,136.42,Single Segment,Start|End,635,,1,0,0,0,0,1
2024-11-08,516965,WB,Green Line,Green Line Trunk,GL Kenmore-College Ave WB,WB Haymarket to Govt Center,place-haecl | place-gover,Between Stations,GAWB-18,Active Restriction,2023-02-13,,5 mph,Track,600,0.11363636363636363,0.002104766876020812,53.99,8.329890312004372e-4,136.42,Single Segment,Start|End,634,,1,0,0,0,0,1
2024-11-07,516965,WB,Green Line,Green Line Trunk,GL Kenmore-College Ave WB,WB Haymarket to Govt Center,place-haecl | place-gover,Between Stations,GAWB-18,Active Restriction,2023-02-13,,5 mph,Track,600,0.11363636363636363,0.002104766876020812,53.99,8.329890312004372e-4,136.42,Single Segment,Start|End,633,,1,0,0,0,0,1
2024-11-06,516965,WB,Green Line,Green Line Trunk,GL Kenmore-College Ave WB,WB Haymarket to Govt Center,place-haecl | place-gover,Between Stations,GAWB-18,Active Restriction,2023-02-13,,5 mph,Track,600,0.11363636363636363,0.002104766876020812,53.99,8.329890312004372e-4,136.42,Single Segment,Start|End,632,,1,0,0,0,0,1
2024-11-05,516965,WB,Green Line,Green Line Trunk,GL Kenmore-College Ave WB,WB Haymarket to Govt Center,place-haecl | place-gover,Between Stations,GAWB-18,Active Restriction,2023-02-13,,5 mph,Track,600,0.11363636363636363,0.002104766876020812,53.99,8.329890312004372e-4,136.42,Single Segment,Start|End,631,,1,0,0,0,0,1
2024-11-04,516965,WB,Green Line,Green Line Trunk,GL Kenmore-College Ave WB,WB Haymarket to Govt Center,place-haecl | place-gover,Between Stations,GAWB-18,Active Restriction,2023-02-13,,5 mph,Track,600,0.11363636363636363,0.002104766876020812,53.99,8.329890312004372e-4,136.42,Single Segment,Start|End,630,,1,0,0,0,0,1
2024-11-03,516965,WB,Green Line,Green Line Trunk,GL Kenmore-College Ave WB,WB Haymarket to Govt Center,place-haecl | place-gover,Between Stations,GAWB-18,Active Restriction,2023-02-13,,5 mph,Track,600,0.11363636363636363,0.002104766876020812,53.99,8.329890312004372e-4,136.42,Single Segment,Start|End,629,,1,0,0,0,0,1
2024-11-02,516965,WB,Green Line,Green Line Trunk,GL Kenmore-College Ave WB,WB Haymarket to Govt Center,place-haecl | place-gover,Between Stations,GAWB-18,Active Restriction,2023-02-13,,5 mph,Track,600,0.11363636363636363,0.002104766876020812,53.99,8.329890312004372e-4,136.42,Single Segment,Start|End,628,,1,0,0,0,0,1
2024-11-01,516965,WB,Green Line,Green Line Trunk,GL Kenmore-College Ave WB,WB Haymarket to Govt Center,place-haecl | place-gover,Between Stations,GAWB-18,Active Restriction,2023-02-13,,5 mph,Track,600,0.11363636363636363,0.002104766876020812,53.99,8.329890312004372e-4,136.42,Single Segment,Start|End,627,,1,1,0,0,0,1
2024-11-09,000167R,SB,Red Line,Red Line - Braintree,RL Alewife-Braintree SB,SB Andrew to JFK,place-andrw | place-jfk,Between Stations,RBSB-24,Active Restriction,2024-11-07,,10 mph,,300,0.056818181818181816,0.0011984429828766467,47.41,4.164945156002186e-4,136.42,Single Segment,Start|End,2,,1,0,0,0,0,1
2024-11-08,000167R,SB,Red Line,Red Line - Braintree,RL Alewife-Braintree SB,SB Andrew to JFK,place-andrw | place-jfk,Between Stations,RBSB-24,Active Restriction,2024-11-07,,10 mph,,300,0.056818181818181816,0.0011984429828766467,47.41,4.164945156002186e-4,136.42,Single Segment,Start|End,1,,1,0,0,0,0,1
2024-11-10,000167R,SB,Red Line,Red Line - Braintree,RL Alewife-Braintree SB,SB Andrew to JFK,place-andrw | place-jfk,Between Stations,RBSB-24,Restriction Cleared,2024-11-07,2024-11-10,10 mph,,300,0.056818181818181816,0.0011984429828766467,47.41,4.164945156002186e-4,136.42,Single Segment,Start|End,3,3,1,0,0,-1,0,0
2024-11-07,000167R,SB,Red Line,Red Line - Braintree,RL Alewife-Braintree SB,SB Andrew to JFK,place-andrw | place-jfk,Between Stations,RBSB-24,Restriction Opened,2024-11-07,,10 mph,,300,0.056818181818181816,0.0011984429828766467,47.41,4.164945156002186e-4,136.42,Single Segment,Start|End,0,,0,0,1,0,0,1
2024-11-11,565480,SB,Red Line,Red Line - Braintree,RL Alewife-Braintree SB,SB Andrew to JFK,place-andrw | place-jfk,Between Stations,RBSB-24,Restriction Cleared,2023-08-01,2024-11-11,10 mph,Track,412.99999999999955,0.07821969696969688,0.0016498565064268485,47.41,5.733741164763004e-4,136.42,Multi-Segment,Start,468,468,1,0,0,-1,0,0
2024-11-29,000170R,NB,Red Line,Red Line - Ashmont,RL JFK-Ashmont NB,NB Savin Hill to JFK,place-shmnl | place-jfk,Between Stations,RANB-08,Restriction Opened,2024-11-29,,10 mph,Track,100,0.01893939393939394,3.994809942922156e-4,47.41,1.3883150520007287e-4,136.42,Multi-Segment,End,0,,0,0,0,0,0,0
2024-11-10,565480,SB,Red Line,Red Line - Braintree,RL Alewife-Braintree SB,SB JFK Station (Braintree),place-jfk,Station,RBSB-25,Active Restriction,2023-08-01,,10 mph,Track,87.00000000000045,0.016477272727272813,3.4754846503422937e-4,47.41,1.2078340952406402e-4,136.42,Multi-Segment,End,467,,0,0,0,0,0,0
2024-11-09,565480,SB,Red Line,Red Line - Braintree,RL Alewife-Braintree SB,SB JFK Station (Braintree),place-jfk,Station,RBSB-25,Active Restriction,2023-08-01,,10 mph,Track,87.00000000000045,0.016477272727272813,3.4754846503422937e-4,47.41,1.2078340952406402e-4,136.42,Multi-Segment,End,466,,0,0,0,0,0,0
2024-11-08,565480,SB,Red Line,Red Line - Braintree,RL Alewife-Braintree SB,SB JFK Station (Braintree),place-jfk,Station,RBSB-25,Active Restriction,2023-08-01,,10 mph,Track,87.00000000000045,0.016477272727272813,3.4754846503422937e-4,47.41,1.2078340952406402e-4,136.42,Multi-Segment,End,465,,0,0,0,0,0,0
2024-11-07,565480,SB,Red Line,Red Line - Braintree,RL Alewife-Braintree SB,SB JFK Station (Braintree),place-jfk,Station,RBSB-25,Active Restriction,2023-08-01,,10 mph,Track,87.00000000000045,0.016477272727272813,3.4754846503422937e-4,47.41,1.2078340952406402e-4,136.42,Multi-Segment,End,464,,0,0,0,0,0,0
2024-11-06,565480,SB,Red Line,Red Line - Braintree,RL Alewife-Braintree SB,SB JFK Station (Braintree),place-jfk,Station,RBSB-25,Active Restriction,2023-08-01,,10 mph,Track,87.00000000000045,0.016477272727272813,3.4754846503422937e-4,47.41,1.2078340952406402e-4,136.42,Multi-Segment,End,463,,0,0,0,0,0,0
2024-11-05,565480,SB,Red Line,Red Line - Braintree,RL Alewife-Braintree SB,SB JFK Station (Braintree),place-jfk,Station,RBSB-25,Active Restriction,2023-08-01,,10 mph,Track,87.00000000000045,0.016477272727272813,3.4754846503422937e-4,47.41,1.2078340952406402e-4,136.42,Multi-Segment,End,462,,0,0,0,0,0,0
2024-11-04,565480,SB,Red Line,Red Line - Braintree,RL Alewife-Braintree SB,SB JFK Station (Braintree),place-jfk,Station,RBSB-25,Active Restriction,2023-08-01,,10 mph,Track,87.00000000000045,0.016477272727272813,3.4754846503422937e-4,47.41,1.2078340952406402e-4,136.42,Multi-Segment,End,461,,0,0,0,0,0,0
2024-11-03,565480,SB,Red Line,Red Line - Braintree,RL Alewife-Braintree SB,SB JFK Station (Braintree),place-jfk,Station,RBSB-25,Active Restriction,2023-08-01,,10 mph,Track,87.00000000000045,0.016477272727272813,3.4754846503422937e-4,47.41,1.2078340952406402e-4,136.42,Multi-Segment,End,460,,0,0,0,0,0,0
2024-11-02,565480,SB,Red Line,Red Line - Braintree,RL Alewife-Braintree SB,SB JFK Station (Braintree),place-jfk,Station,RBSB-25,Active Restriction,2023-08-01,,10 mph,Track,87.00000000000045,0.016477272727272813,3.4754846503422937e-4,47.41,1.2078340952406402e-4,136.42,Multi-Segment,End,459,,0,0,0,0,0,0
2024-11-01,565480,SB,Red Line,Red Line - Braintree,RL Alewife-Braintree SB,SB JFK Station (Braintree),place-jfk,Station,RBSB-25,Active Restriction,2023-08-01,,10 mph,Track,87.00000000000045,0.016477272727272813,3.4754846503422937e-4,47.41,1.2078340952406402e-4,136.42,Multi-Segment,End,458,,0,0,0,0,0,0
2024-11-10,565480,SB,Red Line,Red Line - Braintree,RL Alewife-Braintree SB,SB Andrew to JFK,place-andrw | place-jfk,Between Stations,RBSB-24,Active Restriction,2023-08-01,,10 mph,Track,412.99999999999955,0.07821969696969688,0.0016498565064268485,47.41,5.733741164763004e-4,136.42,Multi-Segment,Start,467,,1,0,0,0,0,1
2024-11-09,565480,SB,Red Line,Red Line - Braintree,RL Alewife-Braintree SB,SB Andrew to JFK,place-andrw | place-jfk,Between Stations,RBSB-24,Active Restriction,2023-08-01,,10 mph,Track,412.99999999999955,0.07821969696969688,0.0016498565064268485,47.41,5.733741164763004e-4,136.42,Multi-Segment,Start,466,,1,0,0,0,0,1
2024-11-08,565480,SB,Red Line,Red Line - Braintree,RL Alewife-Braintree SB,SB Andrew to JFK,place-andrw | place-jfk,Between Stations,RBSB-24,Active Restriction,2023-08-01,,10 mph,Track,412.99999999999955,0.07821969696969688,0.0016498565064268485,47.41,5.733741164763004e-4,136.42,Multi-Segment,Start,465,,1,0,0,0,0,1
2024-11-07,565480,SB,Red Line,Red Line - Braintree,RL Alewife-Braintree SB,SB Andrew to JFK,place-andrw | place-jfk,Between Stations,RBSB-24,Active Restriction,2023-08-01,,10 mph,Track,412.99999999999955,0.07821969696969688,0.0016498565064268485,47.41,5.733741164763004e-4,136.42,Multi-Segment,Start,464,,1,0,0,0,0,1
2024-11-06,565480,SB,Red Line,Red Line - Braintree,RL Alewife-Braintree SB,SB Andrew to JFK,place-andrw | place-jfk,Between Stations,RBSB-24,Active Restriction,2023-08-01,,10 mph,Track,412.99999999999955,0.07821969696969688,0.0016498565064268485,47.41,5.733741164763004e-4,136.42,Multi-Segment,Start,463,,1,0,0,0,0,1
2024-11-05,565480,SB,Red Line,Red Line - Braintree,RL Alewife-Braintree SB,SB Andrew to JFK,place-andrw | place-jfk,Between Stations,RBSB-24,Active Restriction,2023-08-01,,10 mph,Track,412.99999999999955,0.07821969696969688,0.0016498565064268485,47.41,5.733741164763004e-4,136.42,Multi-Segment,Start,462,,1,0,0,0,0,1
2024-11-04,565480,SB,Red Line,Red Line - Braintree,RL Alewife-Braintree SB,SB Andrew to JFK,place-andrw | place-jfk,Between Stations,RBSB-24,Active Restriction,2023-08-01,,10 mph,Track,412.99999999999955,0.07821969696969688,0.0016498565064268485,47.41,5.733741164763004e-4,136.42,Multi-Segment,Start,461,,1,0,0,0,0,1
2024-11-03,565480,SB,Red Line,Red Line - Braintree,RL Alewife-Braintree SB,SB Andrew to JFK,place-andrw | place-jfk,Between Stations,RBSB-24,Active Restriction,2023-08-01,,10 mph,Track,412.99999999999955,0.07821969696969688,0.0016498565064268485,47.41,5.733741164763004e-4,136.42,Multi-Segment,Start,460,,1,0,0,0,0,1
2024-11-02,565480,SB,Red Line,Red Line - Braintree,RL Alewife-Braintree SB,SB Andrew to JFK,place-andrw | place-jfk,Between Stations,RBSB-24,Active Restriction,2023-08-01,,10 mph,Track,412.99999999999955,0.07821969696969688,0.0016498565064268485,47.41,5.733741164763004e-4,136.42,Multi-Segment,Start,459,,1,0,0,0,0,1
2024-11-01,565480,SB,Red Line,Red Line - Braintree,RL Alewife-Braintree SB,SB Andrew to JFK,place-andrw | place-jfk,Between Stations,RBSB-24,Active Restriction,2023-08-01,,10 mph,Track,412.99999999999955,0.07821969696969688,0.0016498565064268485,47.41,5.733741164763004e-4,136.42,Multi-Segment,Start,458,,1,1,0,0,0,1
2024-11-11,508520,NB,Red Line,Red Line - Braintree,RL Alewife-Braintree NB,NB JFK to Andrew,place-jfk | place-andrw,Between Stations,RBNB-12,Restriction Cleared,2023-01-13,2024-11-11,10 mph,Track,513.9999999999986,0.09734848484848459,0.0020533323106619824,47.41,7.135939367283726e-4,136.42,Multi-Segment,End,668,668,0,0,0,0,0,0
2024-11-09,000169R,NB,Red Line,Red Line - Ashmont,RL JFK-Ashmont NB,NB Ashmont Station,place-asmnl,Station,RANB-01,Active Restriction,2024-11-08,,10 mph,,400,0.07575757575757576,0.0015979239771688623,47.41,5.553260208002915e-4,136.42,Single Segment,Start|End,1,,1,0,0,0,0,1
2024-11-10,000169R,NB,Red Line,Red Line - Ashmont,RL JFK-Ashmont NB,NB Ashmont Station,place-asmnl,Station,RANB-01,Restriction Cleared,2024-11-08,2024-11-10,10 mph,,400,0.07575757575757576,0.0015979239771688623,47.41,5.553260208002915e-4,136.42,Single Segment,Start|End,2,2,1,0,0,-1,0,0
2024-11-08,000169R,NB,Red Line,Red Line - Ashmont,RL JFK-Ashmont NB,NB Ashmont Station,place-asmnl,Station,RANB-01,Restriction Opened,2024-11-08,,10 mph,,400,0.07575757575757576,0.0015979239771688623,47.41,5.553260208002915e-4,136.42,Single Segment,Start|End,0,,0,0,1,0,0,1
2024-11-10,508520,NB,Red Line,Red Line - Braintree,RL Alewife-Braintree NB,NB JFK Station (Braintree),place-jfk,Station,RBNB-11,Active Restriction,2023-01-13,,10 mph,Track,86.00000000000136,0.016287878787879045,3.435536550913108e-4,47.41,1.1939509447206456e-4,136.42,Multi-Segment,Start,667,,1,0,0,0,0,1
2024-11-09,508520,NB,Red Line,Red Line - Braintree,RL Alewife-Braintree NB,NB JFK Station (Braintree),place-jfk,Station,RBNB-11,Active Restriction,2023-01-13,,10 mph,Track,86.00000000000136,0.016287878787879045,3.435536550913108e-4,47.41,1.1939509447206456e-4,136.42,Multi-Segment,Start,666,,1,0,0,0,0,1
2024-11-08,508520,NB,Red Line,Red Line - Braintree,RL Alewife-Braintree NB,NB JFK Station (Braintree),place-jfk,Station,RBNB-11,Active Restriction,2023-01-13,,10 mph,Track,86.00000000000136,0.016287878787879045,3.435536550913108e-4,47.41,1.1939509447206456e-4,136.42,Multi-Segment,Start,665,,1,0,0,0,0,1
2024-11-07,508520,NB,Red Line,Red Line - Braintree,RL Alewife-Braintree NB,NB JFK Station (Braintree),place-jfk,Station,RBNB-11,Active Restriction,2023-01-13,,10 mph,Track,86.00000000000136,0.016287878787879045,3.435536550913108e-4,47.41,1.1939509447206456e-4,136.42,Multi-Segment,Start,664,,1,0,0,0,0,1
2024-11-06,508520,NB,Red Line,Red Line - Braintree,RL Alewife-Braintree NB,NB JFK Station (Braintree),place-jfk,Station,RBNB-11,Active Restriction,2023-01-13,,10 mph,Track,86.00000000000136,0.016287878787879045,3.435536550913108e-4,47.41,1.1939509447206456e-4,136.42,Multi-Segment,Start,663,,1,0,0,0,0,1
2024-11-05,508520,NB,Red Line,Red Line - Braintree,RL Alewife-Braintree NB,NB JFK Station (Braintree),place-jfk,Station,RBNB-11,Active Restriction,2023-01-13,,10 mph,Track,86.00000000000136,0.016287878787879045,3.435536550913108e-4,47.41,1.1939509447206456e-4,136.42,Multi-Segment,Start,662,,1,0,0,0,0,1
2024-11-04,508520,NB,Red Line,Red Line - Braintree,RL Alewife-Braintree NB,NB JFK Station (Braintree),place-jfk,Station,RBNB-11,Active Restriction,2023-01-13,,10 mph,Track,86.00000000000136,0.016287878787879045,3.435536550913108e-4,47.41,1.1939509447206456e-4,136.42,Multi-Segment,Start,661,,1,0,0,0,0,1
2024-11-03,508520,NB,Red Line,Red Line - Braintree,RL Alewife-Braintree NB,NB JFK Station (Braintree),place-jfk,Station,RBNB-11,Active Restriction,2023-01-13,,10 mph,Track,86.00000000000136,0.016287878787879045,3.435536550913108e-4,47.41,1.1939509447206456e-4,136.42,Multi-Segment,Start,660,,1,0,0,0,0,1
2024-11-02,508520,NB,Red Line,Red Line - Braintree,RL Alewife-Braintree NB,NB JFK Station (Braintree),place-jfk,Station,RBNB-11,Active Restriction,2023-01-13,,10 mph,Track,86.00000000000136,0.016287878787879045,3.435536550913108e-4,47.41,1.1939509447206456e-4,136.42,Multi-Segment,Start,659,,1,0,0,0,0,1
2024-11-01,508520,NB,Red Line,Red Line - Braintree,RL Alewife-Braintree NB,NB JFK Station (Braintree),place-jfk,Station,RBNB-11,Active Restriction,2023-01-13,,10 mph,Track,86.00000000000136,0.016287878787879045,3.435536550913108e-4,47.41,1.1939509447206456e-4,136.42,Multi-Segment,Start,658,,1,1,0,0,0,1
2024-11-11,508520,NB,Red Line,Red Line - Braintree,RL Alewife-Braintree NB,NB JFK Station (Braintree),place-jfk,Station,RBNB-11,Restriction Cleared,2023-01-13,2024-11-11,10 mph,Track,86.00000000000136,0.016287878787879045,3.435536550913108e-4,47.41,1.1939509447206456e-4,136.42,Multi-Segment,Start,668,668,1,0,0,-1,0,0
2024-11-05,000149G,EB,Green Line,Green Line - B,GL Kenmore-Boston Col. EB,EB Chestnut Hill Ave Station,place-chill,Station,GBEB-05,Restriction Cleared,2024-10-09,2024-11-05,3 mph,Track,236.9999999999976,0.04488636363636318,8.313829160282122e-4,53.99,3.290306673241694e-4,136.42,Multi-Segment,End,27,27,0,0,0,0,0,0
2024-11-01,000078L,NB,Orange Line,Orange Line,OL NB,NB Malden to Oak Grove,place-mlmnl | place-ogmnl,Between Stations,OLNB-38,Restriction Cleared,2024-09-25,2024-11-01,10 mph,Track,700,0.13257575757575757,0.00588179936006023,22.54,9.7182053640051e-4,136.42,Single Segment,Start|End,37,37,1,1,0,-1,0,0
2024-11-01,541778,NB,Orange Line,Orange Line,OL NB,NB Wellington to Malden,place-welln | place-mlmnl,Between Stations,OLNB-36,Restriction Cleared,2023-05-11,2024-11-01,25 mph,Track,900,0.17045454545454544,0.007562313462934581,22.54,0.0012494835468006558,136.42,Single Segment,Start|End,540,540,1,1,0,-1,0,0
2024-11-01,526502,NB,Orange Line,Orange Line,OL NB,NB Malden to Oak Grove,place-mlmnl | place-ogmnl,Between Stations,OLNB-38,Restriction Cleared,2023-03-20,2024-11-01,25 mph,Track,400,0.07575757575757576,0.003361028205748703,22.54,5.553260208002915e-4,136.42,Single Segment,Start|End,592,592,1,1,0,-1,0,0
2024-11-01,526491,NB,Orange Line,Orange Line,OL NB,NB Assembly to Wellington,place-astao | place-welln,Between Stations,OLNB-34,Restriction Cleared,2023-03-20,2024-11-01,25 mph,Track,700,0.13257575757575757,0.00588179936006023,22.54,9.7182053640051e-4,136.42,Single Segment,Start|End,592,592,1,1,0,-1,0,0
2024-11-30,516965,WB,Green Line,Green Line Trunk,GL Kenmore-College Ave WB,WB Haymarket to Govt Center,place-haecl | place-gover,Between Stations,GAWB-18,Active Restriction,2023-02-13,,5 mph,Track,600,0.11363636363636363,0.002104766876020812,53.99,8.329890312004372e-4,136.42,Single Segment,Start|End,656,,1,0,0,0,1,1
2024-11-29,516965,WB,Green Line,Green Line Trunk,GL Kenmore-College Ave WB,WB Haymarket to Govt Center,place-haecl | place-gover,Between Stations,GAWB-18,Active Restriction,2023-02-13,,5 mph,Track,600,0.11363636363636363,0.002104766876020812,53.99,8.329890312004372e-4,136.42,Single Segment,Start|End,655,,1,0,0,0,0,1
2024-11-28,516965,WB,Green Line,Green Line Trunk,GL Kenmore-College Ave WB,WB Haymarket to Govt Center,place-haecl | place-gover,Between Stations,GAWB-18,Active Restriction,2023-02-13,,5 mph,Track,600,0.11363636363636363,0.002104766876020812,53.99,8.329890312004372e-4,136.42,Single Segment,Start|End,654,,1,0,0,0,0,1
2024-11-27,516965,WB,Green Line,Green Line Trunk,GL Kenmore-College Ave WB,WB Haymarket to Govt Center,place-haecl | place-gover,Between Stations,GAWB-18,Active Restriction,2023-02-13,,5 mph,Track,600,0.11363636363636363,0.002104766876020812,53.99,8.329890312004372e-4,136.42,Single Segment,Start|End,653,,1,0,0,0,0,1
2024-11-26,516965,WB,Green Line,Green Line Trunk,GL Kenmore-College Ave WB,WB Haymarket to Govt Center,place-haecl | place-gover,Between Stations,GAWB-18,Active Restriction,2023-02-13,,5 mph,Track,600,0.11363636363636363,0.002104766876020812,53.99,8.329890312004372e-4,136.42,Single Segment,Start|End,652,,1,0,0,0,0,1
2024-11-25,516965,WB,Green Line,Green Line Trunk,GL Kenmore-College Ave WB,WB Haymarket to Govt Center,place-haecl | place-gover,Between Stations,GAWB-18,Active Restriction,2023-02-13,,5 mph,Track,600,0.11363636363636363,0.002104766876020812,53.99,8.329890312004372e-4,136.42,Single Segment,Start|End,651,,1,0,0,0,0,1
2024-11-24,516965,WB,Green Line,Green Line Trunk,GL Kenmore-College Ave WB,WB Haymarket to Govt Center,place-haecl | place-gover,Between Stations,GAWB-18,Active Restriction,2023-02-13,,5 mph,Track,600,0.11363636363636363,0.002104766876020812,53.99,8.329890312004372e-4,136.42,Single Segment,Start|End,650,,1,0,0,0,0,1
2024-11-23,516965,WB,Green Line,Green Line Trunk,GL Kenmore-College Ave WB,WB Haymarket to Govt Center,place-haecl | place-gover,Between Stations,GAWB-18,Active Restriction,2023-02-13,,5 mph,Track,600,0.11363636363636363,0.002104766876020812,53.99,8.329890312004372e-4,136.42,Single Segment,Start|End,649,,1,0,0,0,0,1
2024-11-22,516965,WB,Green Line,Green Line Trunk,GL Kenmore-College Ave WB,WB Haymarket to Govt Center,place-haecl | place-gover,Between Stations,GAWB-18,Active Restriction,2023-02-13,,5 mph,Track,600,0.11363636363636363,0.002104766876020812,53.99,8.329890312004372e-4,136.42,Single Segment,Start|End,648,,1,0,0,0,0,1
2024-11-21,516965,WB,Green Line,Green Line Trunk,GL Kenmore-College Ave WB,WB Haymarket to Govt Center,place-haecl | place-gover,Between Stations,GAWB-18,Active Restriction,2023-02-13,,5 mph,Track,600,0.11363636363636363,0.002104766876020812,53.99,8.329890312004372e-4,136.42,Single Segment,Start|End,647,,1,0,0,0,0,1
2024-11-20,516965,WB,Green Line,Green Line Trunk,GL Kenmore-College Ave WB,WB Haymarket to Govt Center,place-haecl | place-gover,Between Stations,GAWB-18,Active Restriction,2023-02-13,,5 mph,Track,600,0.11363636363636363,0.002104766876020812,53.99,8.329890312004372e-4,136.42,Single Segment,Start|End,646,,1,0,0,0,0,1
2024-11-30,000170R,NB,Red Line,Red Line - Ashmont,RL JFK-Ashmont NB,NB Savin Hill Station,place-shmnl,Station,RANB-07,Active Restriction,2024-11-29,,10 mph,Track,400,0.07575757575757576,0.0015979239771688623,47.41,5.553260208002915e-4,136.42,Multi-Segment,Start,1,,1,0,0,0,1,1
2024-11-11,565480,SB,Red Line,Red Line - Braintree,RL Alewife-Braintree SB,SB JFK Station (Braintree),place-jfk,Station,RBSB-25,Restriction Cleared,2023-08-01,2024-11-11,10 mph,Track,87.00000000000045,0.016477272727272813,3.4754846503422937e-4,47.41,1.2078340952406402e-4,136.42,Multi-Segment,End,468,468,0,0,0,0,0,0
2024-11-29,000170R,NB,Red Line,Red Line - Ashmont,RL JFK-Ashmont NB,NB Savin Hill Station,place-shmnl,Station,RANB-07,Restriction Opened,2024-11-29,,10 mph,Track,400,0.07575757575757576,0.0015979239771688623,47.41,5.553260208002915e-4,136.42,Multi-Segment,Start,0,,0,0,1,0,0,1
2024-11-01,526522,SB,Orange Line,Orange Line,OL SB,SB Oak Grove to Malden,place-ogmnl | place-mlmnl,Between Stations,OLSB-02,Restriction Cleared,2023-03-20,2024-11-01,10 mph,Track,200,0.03787878787878788,0.0016805141028743515,22.54,2.7766301040014574e-4,136.42,Single Segment,Start|End,592,592,1,1,0,-1,0,0
2024-11-01,488828,SB,Orange Line,Orange Line,OL SB,SB Assembly to Sullivan,place-astao | place-sull,Between Stations,OLSB-08,Restriction Cleared,2022-11-02,2024-11-01,25 mph,Track,400,0.07575757575757576,0.003361028205748703,22.54,5.553260208002915e-4,136.42,Single Segment,Start|End,730,730,1,1,0,-1,0,0
2024-11-01,000068L,SB,Orange Line,Orange Line,OL SB,SB Oak Grove to Malden,place-ogmnl | place-mlmnl,Between Stations,OLSB-02,Restriction Cleared,2024-05-29,2024-11-01,25 mph,Track,200,0.03787878787878788,0.0016805141028743515,22.54,2.7766301040014574e-4,136.42,Single Segment,Start|End,156,156,1,1,0,-1,0,0
2024-11-01,526515,SB,Orange Line,Orange Line,OL SB,SB Assembly to Sullivan,place-astao | place-sull,Between Stations,OLSB-08,Restriction Cleared,2023-03-20,2024-11-01,25 mph,Track,200,0.03787878787878788,0.0016805141028743515,22.54,2.7766301040014574e-4,136.42,Single Segment,Start|End,592,592,1,1,0,-1,0,0
2024-11-01,526523,SB,Orange Line,Orange Line,OL SB,SB Oak Grove to Malden,place-ogmnl | place-mlmnl,Between Stations,OLSB-02,Restriction Cleared,2023-03-20,2024-11-01,25 mph,Track,500,0.0946969696969697,0.004201285257185878,22.54,6.941575260003644e-4,136.42,Single Segment,Start|End,592,592,1,1,0,-1,0,0
2024-11-02,524220,WB,Green Line,Green Line Trunk,GL Kenmore-College Ave WB,WB Haymarket Station,place-haecl,Station,GAWB-17,Active Restriction,2023-03-10,,6 mph,Track,301.00000000000045,0.05700757575757585,0.0010558913828037756,53.99,4.1788283065222e-4,136.42,Multi-Segment,End,603,,0,0,0,0,0,0
2024-11-01,524220,WB,Green Line,Green Line Trunk,GL Kenmore-College Ave WB,WB Haymarket Station,place-haecl,Station,GAWB-17,Active Restriction,2023-03-10,,6 mph,Track,301.00000000000045,0.05700757575757585,0.0010558913828037756,53.99,4.1788283065222e-4,136.42,Multi-Segment,End,602,,0,0,0,0,0,0
2024-11-03,524220,WB,Green Line,Green Line Trunk,GL Kenmore-College Ave WB,WB North Sta. to Haymarket,place-north | place-haecl,Between Stations,GAWB-16,Active Restriction,2023-03-10,,6 mph,Track,598.9999999999995,0.11344696969696962,0.0021012589312274423,53.99,8.31600716148436e-4,136.42,Multi-Segment,Start,604,,1,0,0,0,0,1
2024-11-02,524220,WB,Green Line,Green Line Trunk,GL Kenmore-College Ave WB,WB North Sta. to Haymarket,place-north | place-haecl,Between Stations,GAWB-16,Active Restriction,2023-03-10,,6 mph,Track,598.9999999999995,0.11344696969696962,0.0021012589312274423,53.99,8.31600716148436e-4,136.42,Multi-Segment,Start,603,,1,0,0,0,0,1
2024-11-01,524220,WB,Green Line,Green Line Trunk,GL Kenmore-College Ave WB,WB North Sta. to Haymarket,place-north | place-haecl,Between Stations,GAWB-16,Active Restriction,2023-03-10,,6 mph,Track,598.9999999999995,0.11344696969696962,0.0021012589312274423,53.99,8.31600716148436e-4,136.42,Multi-Segment,Start,602,,1,1,0,0,0,1
2024-11-04,555806,SB,Red Line,Red Line - Braintree,RL Alewife-Braintree SB,SB Central to Kendall,place-cntsq | place-knncl,Between Stations,RBSB-10,Active Restriction,2023-07-11,,25 mph,Track,1100,0.20833333333333334,0.0043942909372143716,47.41,0.0015271465572008016,136.42,Single Segment,Start|End,482,,1,0,0,0,0,1
2024-11-03,555806,SB,Red Line,Red Line - Braintree,RL Alewife-Braintree SB,SB Central to Kendall,place-cntsq | place-knncl,Between Stations,RBSB-10,Active Restriction,2023-07-11,,25 mph,Track,1100,0.20833333333333334,0.0043942909372143716,47.41,0.0015271465572008016,136.42,Single Segment,Start|End,481,,1,0,0,0,0,1
2024-11-02,555806,SB,Red Line,Red Line - Braintree,RL Alewife-Braintree SB,SB Central to Kendall,place-cntsq | place-knncl,Between Stations,RBSB-10,Active Restriction,2023-07-11,,25 mph,Track,1100,0.20833333333333334,0.0043942909372143716,47.41,0.0015271465572008016,136.42,Single Segment,Start|End,480,,1,0,0,0,0,1
2024-11-01,555806,SB,Red Line,Red Line - Braintree,RL Alewife-Braintree SB,SB Central to Kendall,place-cntsq | place-knncl,Between Stations,RBSB-10,Active Restriction,2023-07-11,,25 mph,Track,1100,0.20833333333333334,0.0043942909372143716,47.41,0.0015271465572008016,136.42,Single Segment,Start|End,479,,1,1,0,0,0,1
2024-11-23,564516,SB,Red Line,Red Line - Braintree,RL Alewife-Braintree SB,SB Central to Kendall,place-cntsq | place-knncl,Between Stations,RBSB-10,Active Restriction,2023-07-27,,25 mph,Track,1300,0.24621212121212122,0.005193252925798803,47.41,0.0018048095676009472,136.42,Single Segment,Start|End,485,,1,0,0,0,0,1
2024-11-22,564516,SB,Red Line,Red Line - Braintree,RL Alewife-Braintree SB,SB Central to Kendall,place-cntsq | place-knncl,Between Stations,RBSB-10,Active Restriction,2023-07-27,,25 mph,Track,1300,0.24621212121212122,0.005193252925798803,47.41,0.0018048095676009472,136.42,Single Segment,Start|End,484,,1,0,0,0,0,1
2024-11-21,564516,SB,Red Line,Red Line - Braintree,RL Alewife-Braintree SB,SB Central to Kendall,place-cntsq | place-knncl,Between Stations,RBSB-10,Active Restriction,2023-07-27,,25 mph,Track,1300,0.24621212121212122,0.005193252925798803,47.41,0.0018048095676009472,136.42,Single Segment,Start|End,483,,1,0,0,0,0,1
2024-11-20,564516,SB,Red Line,Red Line - Braintree,RL Alewife-Braintree SB,SB Central to Kendall,place-cntsq | place-knncl,Between Stations,RBSB-10,Active Restriction,2023-07-27,,25 mph,Track,1300,0.24621212121212122,0.005193252925798803,47.41,0.0018048095676009472,136.42,Single Segment,Start|End,482,,1,0,0,0,0,1
2024-11-19,564516,SB,Red Line,Red Line - Braintree,RL Alewife-Braintree SB,SB Central to Kendall,place-cntsq | place-knncl,Between Stations,RBSB-10,Active Restriction,2023-07-27,,25 mph,Track,1300,0.24621212121212122,0.005193252925798803,47.41,0.0018048095676009472,136.42,Single Segment,Start|End,481,,1,0,0,0,0,1
2024-11-18,564516,SB,Red Line,Red Line - Braintree,RL Alewife-Braintree SB,SB Central to Kendall,place-cntsq | place-knncl,Between Stations,RBSB-10,Active Restriction,2023-07-27,,25 mph,Track,1300,0.24621212121212122,0.005193252925798803,47.41,0.0018048095676009472,136.42,Single Segment,Start|End,480,,1,0,0,0,0,1
2024-11-17,564516,SB,Red Line,Red Line - Braintree,RL Alewife-Braintree SB,SB Central to Kendall,place-cntsq | place-knncl,Between Stations,RBSB-10,Active Restriction,2023-07-27,,25 mph,Track,1300,0.24621212121212122,0.005193252925798803,47.41,0.0018048095676009472,136.42,Single Segment,Start|End,479,,1,0,0,0,0,1
2024-11-16,564516,SB,Red Line,Red Line - Braintree,RL Alewife-Braintree SB,SB Central to Kendall,place-cntsq | place-knncl,Between Stations,RBSB-10,Active Restriction,2023-07-27,,25 mph,Track,1300,0.24621212121212122,0.005193252925798803,47.41,0.0018048095676009472,136.42,Single Segment,Start|End,478,,1,0,0,0,0,1
2024-11-15,564516,SB,Red Line,Red Line - Braintree,RL Alewife-Braintree SB,SB Central to Kendall,place-cntsq | place-knncl,Between Stations,RBSB-10,Active Restriction,2023-07-27,,25 mph,Track,1300,0.24621212121212122,0.005193252925798803,47.41,0.0018048095676009472,136.42,Single Segment,Start|End,477,,1,0,0,0,0,1
2024-11-14,564516,SB,Red Line,Red Line - Braintree,RL Alewife-Braintree SB,SB Central to Kendall,place-cntsq | place-knncl,Between Stations,RBSB-10,Active Restriction,2023-07-27,,25 mph,Track,1300,0.24621212121212122,0.005193252925798803,47.41,0.0018048095676009472,136.42,Single Segment,Start|End,476,,1,0,0,0,0,1
2024-11-13,564516,SB,Red Line,Red Line - Braintree,RL Alewife-Braintree SB,SB Central to Kendall,place-cntsq | place-knncl,Between Stations,RBSB-10,Active Restriction,2023-07-27,,25 mph,Track,1300,0.24621212121212122,0.005193252925798803,47.41,0.0018048095676009472,136.42,Single Segment,Start|End,475,,1,0,0,0,0,1
2024-11-12,564516,SB,Red Line,Red Line - Braintree,RL Alewife-Braintree SB,SB Central to Kendall,place-cntsq | place-knncl,Between Stations,RBSB-10,Active Restriction,2023-07-27,,25 mph,Track,1300,0.24621212121212122,0.005193252925798803,47.41,0.0018048095676009472,136.42,Single Segment,Start|End,474,,1,0,0,0,0,1
2024-11-11,564516,SB,Red Line,Red Line - Braintree,RL Alewife-Braintree SB,SB Central to Kendall,place-cntsq | place-knncl,Between Stations,RBSB-10,Active Restriction,2023-07-27,,25 mph,Track,1300,0.24621212121212122,0.005193252925798803,47.41,0.0018048095676009472,136.42,Single Segment,Start|End,473,,1,0,0,0,0,1
2024-11-10,564516,SB,Red Line,Red Line - Braintree,RL Alewife-Braintree SB,SB Central to Kendall,place-cntsq | place-knncl,Between Stations,RBSB-10,Active Restriction,2023-07-27,,25 mph,Track,1300,0.24621212121212122,0.005193252925798803,47.41,0.0018048095676009472,136.42,Single Segment,Start|End,472,,1,0,0,0,0,1
2024-11-09,564516,SB,Red Line,Red Line - Braintree,RL Alewife-Braintree SB,SB Central to Kendall,place-cntsq | place-knncl,Between Stations,RBSB-10,Active Restriction,2023-07-27,,25 mph,Track,1300,0.24621212121212122,0.005193252925798803,47.41,0.0018048095676009472,136.42,Single Segment,Start|End,471,,1,0,0,0,0,1
2024-11-08,564516,SB,Red Line,Red Line - Braintree,RL Alewife-Braintree SB,SB Central to Kendall,place-cntsq | place-knncl,Between Stations,RBSB-10,Active Restriction,2023-07-27,,25 mph,Track,1300,0.24621212121212122,0.005193252925798803,47.41,0.0018048095676009472,136.42,Single Segment,Start|End,470,,1,0,0,0,0,1
2024-11-07,564516,SB,Red Line,Red Line - Braintree,RL Alewife-Braintree SB,SB Central to Kendall,place-cntsq | place-knncl,Between Stations,RBSB-10,Active Restriction,2023-07-27,,25 mph,Track,1300,0.24621212121212122,0.005193252925798803,47.41,0.0018048095676009472,136.42,Single Segment,Start|End,469,,1,0,0,0,0,1
2024-11-06,564516,SB,Red Line,Red Line - Braintree,RL Alewife-Braintree SB,SB Central to Kendall,place-cntsq | place-knncl,Between Stations,RBSB-10,Active Restriction,2023-07-27,,25 mph,Track,1300,0.24621212121212122,0.005193252925798803,47.41,0.0018048095676009472,136.42,Single Segment,Start|End,468,,1,0,0,0,0,1
2024-11-05,564516,SB,Red Line,Red Line - Braintree,RL Alewife-Braintree SB,SB Central to Kendall,place-cntsq | place-knncl,Between Stations,RBSB-10,Active Restriction,2023-07-27,,25 mph,Track,1300,0.24621212121212122,0.005193252925798803,47.41,0.0018048095676009472,136.42,Single Segment,Start|End,467,,1,0,0,0,0,1
2024-11-04,564516,SB,Red Line,Red Line - Braintree,RL Alewife-Braintree SB,SB Central to Kendall,place-cntsq | place-knncl,Between Stations,RBSB-10,Active Restriction,2023-07-27,,25 mph,Track,1300,0.24621212121212122,0.005193252925798803,47.41,0.0018048095676009472,136.42,Single Segment,Start|End,466,,1,0,0,0,0,1
2024-11-03,564516,SB,Red Line,Red Line - Braintree,RL Alewife-Braintree SB,SB Central to Kendall,place-cntsq | place-knncl,Between Stations,RBSB-10,Active Restriction,2023-07-27,,25 mph,Track,1300,0.24621212121212122,0.005193252925798803,47.41,0.0018048095676009472,136.42,Single Segment,Start|End,465,,1,0,0,0,0,1
2024-11-02,564516,SB,Red Line,Red Line - Braintree,RL Alewife-Braintree SB,SB Central to Kendall,place-cntsq | place-knncl,Between Stations,RBSB-10,Active Restriction,2023-07-27,,25 mph,Track,1300,0.24621212121212122,0.005193252925798803,47.41,0.0018048095676009472,136.42,Single Segment,Start|End,464,,1,0,0,0,0,1
2024-11-01,564516,SB,Red Line,Red Line - Braintree,RL Alewife-Braintree SB,SB Central to Kendall,place-cntsq | place-knncl,Between Stations,RBSB-10,Active Restriction,2023-07-27,,25 mph,Track,1300,0.24621212121212122,0.005193252925798803,47.41,0.0018048095676009472,136.42,Single Segment,Start|End,463,,1,1,0,0,0,1
2024-11-24,555806,SB,Red Line,Red Line - Braintree,RL Alewife-Braintree SB,SB Central to Kendall,place-cntsq | place-knncl,Between Stations,RBSB-10,Restriction Cleared,2023-07-11,2024-11-24,25 mph,Track,1100,0.20833333333333334,0.0043942909372143716,47.41,0.0015271465572008016,136.42,Single Segment,Start|End,502,502,1,0,0,-1,0,0
2024-11-24,564516,SB,Red Line,Red Line - Braintree,RL Alewife-Braintree SB,SB Central to Kendall,place-cntsq | place-knncl,Between Stations,RBSB-10,Restriction Cleared,2023-07-27,2024-11-24,25 mph,Track,1300,0.24621212121212122,0.005193252925798803,47.41,0.0018048095676009472,136.42,Single Segment,Start|End,486,486,1,0,0,-1,0,0
